Model,Features,Accuracy,F1,ROC_AUC
Random Forest,PCA 20,0.6850393700787402,0.5652173913043478,0.7519513574660633
Logistic Regression,PCA 20,0.6850393700787402,0.5945945945945946,0.7389988687782806
Random Forest,Top Features,0.6929133858267716,0.5617977528089888,0.7161057692307692
Logistic Regression,Clinical Only,0.6640419947506562,0.5761589403973509,0.7064479638009049
Random Forest,Clinical Only,0.6771653543307087,0.5967213114754099,0.6941035067873302
Random Forest,All Features,0.6640419947506562,0.5114503816793893,0.6872596153846154
Logistic Regression,Top Features,0.6404199475065617,0.5861027190332326,0.6705599547511313
Logistic Regression,All Features,0.6404199475065617,0.5861027190332326,0.6705599547511313
